{
    "left left": 757.7401733398438,
    "left right": 837.7401733398438,
    "right left": 874.8616943359375,
    "right right": 954.8616943359375
}