{
    "left left": 794.1868896484375,
    "left right": 874.1868896484375,
    "right left": 946.664794921875,
    "right right": 1026.664794921875
}