{
    "left left": 962.5,
    "left right": 1042.5,
    "right left": 1112.1461181640625,
    "right right": 1192.1461181640625
}